,Fator de atrito (chute),função 1/√f,função de colebroke
0,0.0,inf,-inf
1,0.2002002002002002,2.234949663862701,20.08425162854506
2,0.4004004004004004,1.5803480629279107,20.336023819588018
3,0.6006006006006006,1.290348790056394,20.4275204931052
4,0.8008008008008008,1.1174748319313506,20.474887943802898
5,1.001001001001001,0.999499874937461,20.50385642220948
6,1.2012012012012012,0.9124143795447329,20.523404502362887
7,1.4014014014014016,0.8447315719040153,20.53748532795389
8,1.6016016016016017,0.7901740314639554,20.548111388468183
9,1.8018018018018018,0.744983221287567,20.556415311424015
10,2.002002002002002,0.7067531393633847,20.563083363308298
11,2.2022022022022023,0.6738626782148638,20.56855562651869
12,2.4024024024024024,0.645174395028197,20.573127311331213
13,2.6026026026026026,0.619863508549075,20.57700383904782
14,2.802802802802803,0.5973154227757008,20.580332567916464
15,3.0030030030030033,0.5770615218501403,20.58322195449684
16,3.2032032032032034,0.5587374159656753,20.58575359650776
17,3.4034034034034035,0.5420549136496825,20.587990062654676
18,3.6036036036036037,0.5267826876426369,20.589980134252244
19,3.8038038038038042,0.5127326172988268,20.591762404684637
20,4.004004004004004,0.4997499374687305,20.59336780715282
21,4.2042042042042045,0.4877060004317589,20.594821425391974
22,4.404404404404405,0.4764928693542586,20.596143813945012
23,4.604604604604605,0.4660192196073873,20.597351976280073
24,4.804804804804805,0.45620718977236646,20.598460099920274
25,5.005005005005005,0.44698993277254023,20.599480116211264
26,5.205205205205205,0.43830969030513645,20.60042213166489
27,5.405405405405406,0.43011626335213127,20.60129476398746
28,5.605605605605606,0.42236578595200763,20.60210540649249
29,5.805805805805806,0.4150197336396726,20.602860438094076
30,6.0060060060060065,0.4080441152620633,20.6035653915145
31,6.206206206206207,0.40140880939269946,20.604225089095365
32,6.406406406406407,0.3950870157319777,20.604843753265328
33,6.606606606606607,0.3890547986641938,20.605425097015498
34,6.806806806806807,0.38329070521717895,20.605972398480212
35,7.007007007007007,0.37777544350352593,20.606488562788222
36,7.207207207207207,0.3724916106437835,20.606976173649052
37,7.407407407407407,0.3674234614174767,20.607437536608533
38,7.6076076076076085,0.36255671062752737,20.60787471550194
39,7.807807807807809,0.3578783635216343,20.608289563320945
40,8.008008008008009,0.35337656968169234,20.608683748468202
41,8.208208208208209,0.3490404966371136,20.609058777184135
42,8.408408408408409,0.34486022013066603,20.60941601278157
43,8.608608608608609,0.3408266285043972,20.609756692205995
44,8.80880880880881,0.3369313391074319,20.61008194034549
45,9.00900900900901,0.3331666249791536,20.610392782439128
46,9.20920920920921,0.32952535034764646,20.610690154872273
47,9.40940940940941,0.3260009137175552,20.610974914598284
48,9.60960960960961,0.3225871975140985,20.611247847386217
49,9.80980980980981,0.31927852340895724,20.611509675061807
50,10.01001001001001,0.31606961258558214,20.61176106188216
51,10.21021021021021,0.31295555031120353,20.61200262016275
52,10.41041041041041,0.3099317542745375,20.61223491525708
53,10.61061061061061,0.3069939462251136,20.61245846997419
54,10.810810810810812,0.30413812651491096,20.61267376850679
55,11.011011011011012,0.3013605511977004,20.612881259932017
56,11.211211211211213,0.2986577113878504,20.61308136133814
57,11.411411411411413,0.2960263146197791,20.613274460623057
58,11.611611611611613,0.2934632679828472,20.613460919004037
59,11.811811811811813,0.2909656628352434,20.613641073272888
60,12.012012012012013,0.28853076092507013,20.61381523782621
61,12.212212212212213,0.28615598176805485,20.613983706496434
62,12.412412412412413,0.28383889114959604,20.614146754206114
63,12.612612612612613,0.28157719063467174,20.61430463846505
64,12.812812812812814,0.27936870798283764,20.61445760072738
65,13.013013013013014,0.27721138837745074,20.614605867623723
66,13.213213213213214,0.27510328638861836,20.614749652081542
67,13.413413413413414,0.2730425585984173,20.61488915434543
68,13.613613613613614,0.27102745682484125,20.615024562907557
69,13.813813813813814,0.2690563218878644,20.615156055357403
70,14.014014014014014,0.2671275778670986,20.6152837991588
71,14.214214214214214,0.26523972680587715,20.615407952361462
72,14.414414414414415,0.26339134382131846,20.61552866425336
73,14.614614614614615,0.2615810725840969,20.615646075959557
74,14.814814814814815,0.2598076211353316,20.61576032099261
75,15.015015015015017,0.2580697580112788,20.615871525759047
76,15.215215215215217,0.2563663086494134,20.615979810025905
77,15.415415415415417,0.25469615205206747,20.616085287351
78,15.615615615615617,0.253058217686092,20.616188065480188
79,15.815815815815817,0.25145148259906086,20.616288246714472
80,16.016016016016017,0.24987496873436524,20.616385928249663
81,16.216216216216218,0.24832774042918898,20.616481202490917
82,16.416416416416418,0.24680890208082337,20.61657415734429
83,16.616616616616618,0.24531759596809652,20.616664876487267
84,16.816816816816818,0.24385300021587944,20.616753439620013
85,17.017017017017018,0.2424143268916937,20.61683992269889
86,17.217217217217218,0.24100082022440752,20.61692439815375
87,17.41741741741742,0.23961175493587175,20.617006935090227
88,17.61761761761762,0.2382464346771293,20.61708759947831
89,17.81781781781782,0.23690419056153897,20.617166454328167
90,18.01801801801802,0.23558437978779495,20.617243559854323
91,18.21821821821822,0.23428638434640175,20.617318973628986
92,18.41841841841842,0.23300960980369365,20.617392750725436
93,18.61861861861862,0.23175348415796218,20.61746494385212
94,18.81881881881882,0.23051745676269383,20.61753560347827
95,19.01901901901902,0.22930099731231232,20.617604777951538
96,19.21921921921922,0.22810359488618323,20.617672513608333
97,19.41941941941942,0.22692475704696646,20.617738854877317
98,19.61961961961962,0.22576400898970156,20.6178038443766
99,19.81981981981982,0.22462089273828795,20.61786752300502
100,20.02002002002002,0.22349496638627012,20.617929930028005
101,20.22022022022022,0.22238580337907018,20.61799110315827
102,20.42042042042042,0.22129299183501974,20.61805107863185
103,20.62062062062062,0.22021613390273645,20.618109891279666
104,20.82082082082082,0.21915484515256822,20.618167574594967
105,21.02102102102102,0.21810875399999097,20.61822416079695
106,21.22122122122122,0.2170775011589961,20.61827968089076
107,21.421421421421424,0.21606073912364135,20.618334164724143
108,21.621621621621625,0.21505813167606563,20.618387641040957
109,21.821821821821825,0.21406935341938718,20.618440137531735
110,22.022022022022025,0.2130940893340097,20.61849168088148
111,22.222222222222225,0.21213203435596426,20.61854229681493
112,22.422422422422425,0.21118289297600382,20.618592010139334
113,22.622622622622625,0.21024637885825487,20.618640844785016
114,22.822822822822825,0.20932221447730817,20.61868882384377
115,23.023023023023026,0.20841013077270415,20.61873596960528
116,23.223223223223226,0.2075098668198363,20.618782303591644
117,23.423423423423426,0.20662116951635834,20.61882784659013
118,23.623623623623626,0.20574379328323922,20.61887261868427
119,23.823823823823826,0.20487749977966438,20.618916639283412
120,24.024024024024026,0.20402205763103165,20.618959927150737
121,24.224224224224226,0.20317724216933644,20.619002500429964
122,24.424424424424426,0.20234283518528565,20.619044376670676
123,24.624624624624627,0.2015186246915182,20.619085572852462
124,24.824824824824827,0.20070440469634973,20.619126105407865
125,25.025025025025027,0.19989997498749218,20.61916599024423
126,25.225225225225227,0.19910514092523363,20.619205242764533
127,25.425425425425427,0.1983197132445923,20.619243877887204
128,25.625625625625627,0.19754350786598884,20.61928191006503
129,25.825825825825827,0.19677634571400632,20.619319353303194
130,26.026026026026027,0.19601805254383314,20.619356221176457
131,26.226226226226228,0.1952684587750065,20.619392526845573
132,26.426426426426428,0.1945273993320969,20.61942828307295
133,26.626626626626628,0.19379471349199287,20.61946350223762
134,26.826826826826828,0.19307024473746615,20.6194981963495
135,27.027027027027028,0.19235384061671343,20.619532377063084
136,27.227227227227228,0.19164535260858948,20.619566055690463
137,27.42742742742743,0.19094463599325992,20.619599243213823
138,27.62762762762763,0.19025154972801941,20.619631950297386
139,27.82782782782783,0.18956595632803153,20.619664187298824
140,28.02802802802803,0.18888772175176297,20.619695964280208
141,28.22822822822823,0.18821671529089445,20.619727291018474
142,28.42842842842843,0.187552809464503,20.619758177015445
143,28.62862862862863,0.18689587991732168,20.61978863150745
144,28.82882882882883,0.18624580532189175,20.61981866347453
145,29.02902902902903,0.18560246728443283,20.619848281649258
146,29.22922922922923,0.18496575025426543,20.61987749452522
147,29.42942942942943,0.18433554143662773,20.619906310365117
148,29.62962962962963,0.18371173070873836,20.61993473720858
149,29.82982982982983,0.18309421053896244,20.61996278287962
150,30.030030030030034,0.18248287590894657,20.61999045499384
151,30.230230230230234,0.1818776242385948,20.620017760965293
152,30.430430430430434,0.18127835531376368,20.620044708013133
153,30.630630630630634,0.18068497121656082,20.620071303167972
154,30.830830830830834,0.1800973762581369,20.620097553277986
155,31.031031031031034,0.1795154769138664,20.620123465014803
156,31.231231231231234,0.17893918176081716,20.62014904487915
157,31.431431431431434,0.17836840141741422,20.620174299206294
158,31.631631631631635,0.17780304848520712,20.620199234171277
159,31.831831831831835,0.1772430374926548,20.62022385579394
160,32.032032032032035,0.17668828484084617,20.62024816994378
161,32.232232232232235,0.17613870875107746,20.620272182344596
162,32.432432432432435,0.1755942292142123,20.620295898579002
163,32.632632632632635,0.17505476794175331,20.620319324092748
164,32.832832832832835,0.1745202483185568,20.620342464198878
165,33.033033033033036,0.17399059535712633,20.62036532408176
166,33.233233233233236,0.17346573565342271,20.620387908800954
167,33.433433433433436,0.17294559734413179,20.62041022329494
168,33.633633633633636,0.17243011006533301,20.620432272384733
169,33.833833833833836,0.17191920491251547,20.620454060777337
170,34.034034034034036,0.17141281440188907,20.62047559306911
171,34.234234234234236,0.17091087243294228,20.620496873748984
172,34.434434434434436,0.1704133142521986,20.62051790720159
173,34.63463463463464,0.1699200764181272,20.620538697710284
174,34.83483483483484,0.1694310967671641,20.620559249460022
175,35.03503503503504,0.16894631438080307,20.620579566540208
176,35.23523523523524,0.16846566955371595,20.620599652947366
177,35.43543543543544,0.16798910376286566,20.6206195125878
178,35.63563563563564,0.1675165596375743,20.620639149280105
179,35.83583583583584,0.1670479809305126,20.620658566757605
180,36.03603603603604,0.1665833124895768,20.620677768670745
181,36.23623623623624,0.16612250023062175,20.620696758589364
182,36.43643643643644,0.16566549111101847,20.62071554000491
183,36.63663663663664,0.16521223310400812,20.620734116332574
184,36.83683683683684,0.16476267517382323,20.62075249091337
185,37.03703703703704,0.16431676725154984,20.62077066701614
186,37.23723723723724,0.16387446021170418,20.620788647839472
187,37.43743743743744,0.16343570584949932,20.620806436513607
188,37.63763763763764,0.1630004568587776,20.62082403610223
189,37.83783783783784,0.16256866681058632,20.62084144960425
190,38.03803803803804,0.16214029013237435,20.620858679955475
191,38.23823823823824,0.16171528208778843,20.620875730030296
192,38.43843843843844,0.16129359875704924,20.62089260264326
193,38.63863863863864,0.16087519701788727,20.620909300550633
194,38.83883883883884,0.16046003452701973,20.620925826451895
195,39.03903903903904,0.1600480697021511,20.620942182991193
196,39.23923923923924,0.15963926170447862,20.620958372758757
197,39.43943943943944,0.1592335704216877,20.620974398292265
198,39.63963963963964,0.15883095645141954,20.62099026207817
199,39.83983983983984,0.1584313810851967,20.62100596655298
200,40.04004004004004,0.15803480629279107,20.621021514104513
201,40.24024024024024,0.1576411947070204,20.62103690707311
202,40.44044044044044,0.15725050960895876,20.621052147752792
203,40.64064064064064,0.15686271491354872,20.621067238392428
204,40.84084084084084,0.15647777515560177,20.621082181196808
205,41.04104104104104,0.15609565547617457,20.62109697832775
206,41.24124124124124,0.15571632160930973,20.621111631905116
207,41.44144144144144,0.1553397398691291,20.621126144007835
208,41.64164164164164,0.15496587713726875,20.621140516674895
209,41.84184184184184,0.1545947008506452,20.62115475190628
210,42.04204204204204,0.15422617898954213,20.62116885166391
211,42.24224224224224,0.15386028006600833,20.62118281787254
212,42.44244244244244,0.1534969731125568,20.621196652420643
213,42.64264264264264,0.15313622767115598,20.621210357161235
214,42.84284284284285,0.15277801378250438,20.62122393391274
215,43.04304304304305,0.15242230197557993,20.621237384459764
216,43.24324324324325,0.15206906325745548,20.62125071055389
217,43.44344344344345,0.15171826910337297,20.621263913914447
218,43.64364364364365,0.1513698914470683,20.621276996229223
219,43.84384384384385,0.1510239026713394,20.62128995915521
220,44.04404404404405,0.1506802755988502,20.62130280431929
221,44.24424424424425,0.15033898348316424,20.621315533318924
222,44.44444444444445,0.15,20.62132814772281
223,44.64464464464465,0.14966329923870264,20.621340649071524
224,44.84484484484485,0.1493288556939252,20.62135303887815
225,45.04504504504505,0.14899664425751338,20.6213653186289
226,45.24524524524525,0.148666640210588,20.621377489783686
227,45.44544544544545,0.1483388192158196,20.62138955377672
228,45.64564564564565,0.14801315730988954,20.62140151201707
229,45.84584584584585,0.14768963089613232,20.621413365889204
230,46.04604604604605,0.14736821673735426,20.621425116753535
231,46.24624624624625,0.14704889194882298,20.621436765946928
232,46.44644644644645,0.1467316339914236,20.621448314783215
233,46.64664664664665,0.14641642066497648,20.621459764553695
234,46.84684684684685,0.14610323010171214,20.6214711165276
235,47.04704704704705,0.1457920407598994,20.621482371952574
236,47.24724724724725,0.1454828314176217,20.62149353205513
237,47.44744744744745,0.1451755811666983,20.621504598041096
238,47.64764764764765,0.1448702694067461,20.62151557109604
239,47.84784784784785,0.14456687583937808,20.621526452385705
240,48.04804804804805,0.14426538046253506,20.621537243056423
241,48.24824824824825,0.14396576356494684,20.621547944235502
242,48.44844844844845,0.14366800572071917,20.621558557031637
243,48.64864864864865,0.14337208778404376,20.621569082535274
244,48.84884884884885,0.14307799088402742,20.621579521819008
245,49.04904904904905,0.14278569641963726,20.62158987593792
246,49.24924924924925,0.14249518605475936,20.62160014592996
247,49.44944944944945,0.14220644171336727,20.621610332816267
248,49.64964964964965,0.14191944557479802,20.621620437601525
249,49.84984984984985,0.1416341800691324,20.62163046127429
250,50.050050050050054,0.14135062787267694,20.62164040480731
251,50.250250250250254,0.14106877190354533,20.621650269157833
252,50.450450450450454,0.14078859531733587,20.62166005526794
253,50.650650650650654,0.14051008150290345,20.62166976406481
254,50.850850850850854,0.14023321407822278,20.621679396461037
255,51.051051051051054,0.1399579768863413,20.621688953354905
256,51.251251251251254,0.13968435399141882,20.62169843563067
257,51.451451451451454,0.13941232967485212,20.62170784415884
258,51.651651651651655,0.13914188843148229,20.621717179796434
259,51.851851851851855,0.13887301496588272,20.621726443387235
260,52.052052052052055,0.13860569418872537,20.621735635762057
261,52.252252252252255,0.13833991121322423,20.621744757738995
262,52.452452452452455,0.1380756513516529,20.621753810123646
263,52.652652652652655,0.13781290011193564,20.62176279370938
264,52.852852852852855,0.13755164319430918,20.62177170927754
265,53.053053053053056,0.13729186648805378,20.62178055759769
266,53.253253253253256,0.13703355606829226,20.62178933942782
267,53.453453453453456,0.13677669819285493,20.62179805551458
268,53.653653653653656,0.13652127929920865,20.621806706593482
269,53.853853853853856,0.13626728600144916,20.621815293389094
270,54.054054054054056,0.13601470508735442,20.621823816615276
271,54.254254254254256,0.13576352351549797,20.621832276975336
272,54.454454454454456,0.13551372841242063,20.621840675162264
273,54.65465465465466,0.13526530706985918,20.62184901185889
274,54.85485485485486,0.13501824694203102,20.621857287738088
275,55.05505505505506,0.13477253564297276,20.621865503462946
276,55.25525525525526,0.1345281609439322,20.621873659686948
277,55.45545545545546,0.13428511077081196,20.62188175705415
278,55.65565565565566,0.134043373201664,20.621889796199344
279,55.85585585585586,0.13380293646423314,20.62189777774822
280,56.05605605605606,0.1335637889335493,20.621905702317548
281,56.25625625625626,0.13332591912956673,20.621913570515314
282,56.45645645645646,0.13308931571484922,20.621921382940883
283,56.65665665665666,0.13285396749230047,20.621929140185156
284,56.85685685685686,0.13261986340293858,20.62193684283072
285,57.05705705705706,0.13238699252371317,20.621944491451988
286,57.25725725725726,0.13215534406536486,20.621952086615334
287,57.45745745745746,0.13192490737032558,20.621959628879257
288,57.65765765765766,0.13169567191065923,20.621967118794498
289,57.85785785785786,0.13146762728604122,20.62197455690417
290,58.05805805805806,0.1312407632217768,20.62198194374391
291,58.25825825825826,0.1310150695668565,20.621989279841998
292,58.45845845845846,0.13079053629204845,20.62199656571947
293,58.65865865865866,0.1305671534880265,20.622003801890262
294,58.85885885885886,0.13034491136353327,20.62201098886132
295,59.05905905905906,0.1301238002435777,20.622018127132712
296,59.25925925925926,0.1299038105676658,20.62202521719776
297,59.45945945945946,0.1296849328880646,20.622032259543143
298,59.65965965965966,0.1294671578680978,20.62203925464901
299,59.85985985985987,0.12925047628047293,20.622046202989097
300,60.06006006006007,0.1290348790056394,20.622053105030812
301,60.26026026026027,0.12882035703017616,20.62205996123537
302,60.46046046046047,0.12860690144520917,20.622066772057867
303,60.66066066066067,0.12839450344485734,20.622073537947404
304,60.86086086086087,0.1281831543247067,20.622080259347175
305,61.06106106106107,0.1279728454803122,20.62208693669456
306,61.26126126126127,0.1277635684057263,20.62209357042123
307,61.46146146146147,0.12755531469205397,20.622100160953227
308,61.66166166166167,0.12734807602603374,20.622106708711065
309,61.86186186186187,0.12714184418864358,20.622113214109827
310,62.06206206206207,0.12693661105373205,20.622119677559226
311,62.26226226226227,0.12673236858667333,20.622126099463724
312,62.46246246246247,0.126529108843046,20.62213248022259
313,62.66266266266267,0.1263268239673353,20.622138820229996
314,62.86286286286287,0.1261255061916578,20.622145119875093
315,63.06306306306307,0.12592514783450864,20.6221513795421
316,63.26326326326327,0.12572574129953043,20.622157599610368
317,63.46346346346347,0.12552727907430364,20.622163780454464
318,63.66366366366367,0.1253297537291577,20.622169922444247
319,63.86386386386387,0.12513315791600302,20.622176025944945
320,64.06406406406407,0.12493748436718262,20.622182091317214
321,64.26426426426427,0.12474272589434383,20.622188118917226
322,64.46446446446447,0.12454887538732917,20.62219410909672
323,64.66466466466467,0.1243559258130859,20.622200062203103
324,64.86486486486487,0.12416387021459449,20.622205978579466
325,65.06506506506507,0.12397270170981499,20.6222118585647
326,65.26526526526527,0.1237824134906512,20.622217702493536
327,65.46546546546547,0.12359299882193232,20.622223510696607
328,65.66566566566567,0.12340445104041169,20.622229283500516
329,65.86586586586587,0.12321676355378228,20.622235021227908
330,66.06606606606607,0.12302992983970867,20.622240724197503
331,66.26626626626627,0.12284394344487487,20.622246392724183
332,66.46646646646647,0.12265879798404826,20.622252027119032
333,66.66666666666667,0.1224744871391589,20.622257627689404
334,66.86686686686687,0.12229100465839375,20.622263194738967
335,67.06706706706707,0.12210834435530617,20.62226872856777
336,67.26726726726727,0.12192650010793972,20.622274229472296
337,67.46746746746747,0.12174546585796651,20.622279697745498
338,67.66766766766767,0.12156523560983928,20.62228513367687
339,67.86786786786787,0.1213858034299575,20.622290537552495
340,68.06806806806807,0.12120716344584685,20.62229590965509
341,68.26826826826827,0.12102930984535204,20.622301250264055
342,68.46846846846847,0.12085223687584246,20.622306559655524
343,68.66866866866867,0.12067593884343077,20.622311838102416
344,68.86886886886887,0.12050041011220376,20.62231708587447
345,69.06906906906907,0.12032564510346587,20.62232230323831
346,69.26926926926927,0.12015163829499413,20.62232749045747
347,69.46946946946947,0.1199783842203056,20.622332647792447
348,69.66966966966967,0.11980587746793588,20.622337775500757
349,69.86986986986987,0.11963411268072932,20.622342873836953
350,70.07007007007007,0.11946308455514018,20.62234794305268
351,70.27027027027027,0.11929278784054478,20.62235298339673
352,70.47047047047047,0.11912321733856465,20.622357995115056
353,70.67067067067067,0.11895436790239984,20.622362978450827
354,70.87087087087087,0.1187862344361729,20.622367933644473
355,71.07107107107107,0.11861881189428287,20.622372860933705
356,71.27127127127127,0.11845209528076948,20.622377760553576
357,71.47147147147147,0.11828607964868672,20.6223826327365
358,71.67167167167167,0.11812076009948652,20.622387477712294
359,71.87187187187187,0.11795613178241153,20.622392295708217
360,72.07207207207207,0.11779218989389748,20.622397086949007
361,72.27227227227228,0.11762892967698425,20.62240185165691
362,72.47247247247248,0.11746634642073644,20.622406590051718
363,72.67267267267268,0.11730443545967217,20.622411302350798
364,72.87287287287288,0.11714319217320088,20.622415988769138
365,73.07307307307308,0.11698261198506946,20.622420649519366
366,73.27327327327328,0.11682269036281676,20.622425284811786
367,73.47347347347348,0.11666342281723625,20.62242989485441
368,73.67367367367368,0.11650480490184682,20.622434479852995
369,73.87387387387388,0.11634683221237122,20.622439040011066
370,74.07407407407408,0.1161895003862225,20.622443575529946
371,74.27427427427428,0.11603280510199808,20.622448086608795
372,74.47447447447448,0.11587674207898109,20.622452573444622
373,74.67467467467468,0.11572130707664924,20.622457036232333
374,74.87487487487488,0.11556649589419085,20.622461475164748
375,75.07507507507508,0.11541230437002807,20.62246589043263
376,75.27527527527528,0.11525872838134692,20.622470282224715
377,75.47547547547548,0.11510576384363437,20.622474650727735
378,75.67567567567568,0.11495340671022201,20.62247899612645
379,75.87587587587588,0.11480165297183643,20.622483318603667
380,76.07607607607608,0.11465049865615616,20.622487618340273
381,76.27627627627628,0.11449993982737476,20.622491895515253
382,76.47647647647648,0.1143499725857706,20.62249615030572
383,76.67667667667668,0.11420059306728254,20.622500382886944
384,76.87687687687688,0.11405179744309162,20.62250459343236
385,77.07707707707708,0.11390358191920909,20.62250878211361
386,77.27727727727728,0.11375594273606993,20.622512949100553
387,77.47747747747748,0.11360887616813242,20.622517094561292
388,77.67767767767768,0.11346237852348323,20.622521218662204
389,77.87787787787788,0.1133164461434481,20.622525321567952
390,78.07807807807808,0.11317107540220826,20.62252940344151
391,78.27827827827828,0.11302626270642178,20.622533464444185
392,78.47847847847848,0.11288200449485078,20.622537504735643
393,78.67867867867868,0.11273829723799335,20.62254152447392
394,78.87887887887888,0.11259513743772104,20.622545523815454
395,79.07907907907908,0.11245252162692114,20.622549502915092
396,79.27927927927928,0.11231044636914397,20.622553461926124
397,79.47947947947948,0.11216890825825518,20.622557401000293
398,79.67967967967968,0.11202790391809268,20.622561320287822
399,79.87987987987988,0.11188743000212849,20.62256521993742
400,80.08008008008008,0.11174748319313506,20.622569100096317
401,80.28028028028028,0.11160806020285625,20.622572960910272
402,80.48048048048048,0.11146915777168301,20.622576802523596
403,80.68068068068068,0.111330772668333,20.622580625079166
404,80.88088088088088,0.11119290168953509,20.622584428718444
405,81.08108108108108,0.11105554165971789,20.622588213581498
406,81.28128128128128,0.11091868943070247,20.62259197980702
407,81.48148148148148,0.11078234188139946,20.622595727532325
408,81.68168168168168,0.11064649591750987,20.622599456893404
409,81.88188188188188,0.11051114847123036,20.6226031680249
410,82.08208208208208,0.11037629650096208,20.62260686106015
411,82.28228228228228,0.11024193699102375,20.622610536131198
412,82.48248248248248,0.11010806695136822,20.622614193368797
413,82.68268268268268,0.10997468341730325,20.622617832902442
414,82.88288288288288,0.1098417834492155,20.622621454860372
415,83.08308308308308,0.10970936413229845,20.6226250593696
416,83.28328328328328,0.10957742257628411,20.622628646555903
417,83.48348348348348,0.10944595591517783,20.622632216543863
418,83.68368368368368,0.10931496130699694,20.62263576945687
419,83.88388388388388,0.10918443593351268,20.622639305417128
420,84.08408408408408,0.10905437699999548,20.62264282454569
421,84.28428428428428,0.10892478173496378,20.62264632696245
422,84.48448448448448,0.10879564738993587,20.622649812786165
423,84.68468468468468,0.10866697123918506,20.62265328213448
424,84.88488488488488,0.10853875057949805,20.62265673512392
425,85.08508508508508,0.1084109827299365,20.622660171869914
426,85.28528528528528,0.1082836650316014,20.622663592486816
427,85.4854854854855,0.10815679484740089,20.6226669970879
428,85.6856856856857,0.10803036956182067,20.622670385785394
429,85.8858858858859,0.10790438658069765,20.62267375869046
430,86.0860860860861,0.10777884333099627,20.62267711591325
431,86.2862862862863,0.1076537372605879,20.622680457562872
432,86.4864864864865,0.10752906583803282,20.62268378374744
433,86.6866866866867,0.10740482655236519,20.622687094574065
434,86.8868868868869,0.1072810169128805,20.622690390148865
435,87.0870870870871,0.10715763444892601,20.62269367057699
436,87.2872872872873,0.10703467670969359,20.622696935962622
437,87.4874874874875,0.10691214126401524,20.62270018640899
438,87.6876876876877,0.10679002570016123,20.62270342201839
439,87.8878878878879,0.1066683276256407,20.62270664289217
440,88.0880880880881,0.10654704466700485,20.62270984913076
441,88.2882882882883,0.10642617446965243,20.6227130408337
442,88.4884884884885,0.1063057146976378,20.622716218099598
443,88.6886886886887,0.10618566303348133,20.622719381026194
444,88.8888888888889,0.10606601717798213,20.62272252971034
445,89.0890890890891,0.10594677485003304,20.622725664248026
446,89.2892892892893,0.1058279337864381,20.622728784734367
447,89.4894894894895,0.10570949174173197,20.622731891263633
448,89.6896896896897,0.10559144648800191,20.62273498392926
449,89.8898898898899,0.10547379581471159,20.622738062823846
450,90.0900900900901,0.10535653752852737,20.62274112803916
451,90.2902902902903,0.10523966945314651,20.62274417966617
452,90.4904904904905,0.10512318942912743,20.622747217795034
453,90.6906906906907,0.10500709531372232,20.622750242515107
454,90.8908908908909,0.10489138498071138,20.622753253914965
455,91.0910910910911,0.10477605632023938,20.622756252082407
456,91.2912912912913,0.10466110723865409,20.622759237104457
457,91.4914914914915,0.10454653565834654,20.62276220906738
458,91.6916916916917,0.10443233951759341,20.622765168056684
459,91.8918918918919,0.10431851677040117,20.62276811415714
460,92.0920920920921,0.10420506538635207,20.622771047452773
461,92.2922922922923,0.10409198335045212,20.622773968026884
462,92.4924924924925,0.10397926866298066,20.622776875962057
463,92.6926926926927,0.1038669193393419,20.622779771340156
464,92.8928928928929,0.10375493340991815,20.62278265424234
465,93.0930930930931,0.10364330891992482,20.622785524749077
466,93.2932932932933,0.10353204392926701,20.622788382940133
467,93.4934934934935,0.10342113651239798,20.6227912288946
468,93.6936936936937,0.10331058475817917,20.622794062690893
469,93.8938938938939,0.10320038676974184,20.622796884406757
470,94.0940940940941,0.1030905406643504,20.622799694119273
471,94.2942942942943,0.10298104457326733,20.622802491904874
472,94.4944944944945,0.10287189664161961,20.62280527783934
473,94.6946946946947,0.10276309502826675,20.622808051997815
474,94.8948948948949,0.1026546379056704,20.622810814454798
475,95.0950950950951,0.10254652345976537,20.62281356528418
476,95.2952952952953,0.10243874988983219,20.622816304559212
477,95.4954954954955,0.10233131540837119,20.622819032352545
478,95.6956956956957,0.1022242182409779,20.62282174873621
479,95.8958958958959,0.10211745662622006,20.62282445378165
480,96.0960960960961,0.10201102881551583,20.622827147559704
481,96.2962962962963,0.10190493307301361,20.62282983014062
482,96.4964964964965,0.10179916767547309,20.622832501594072
483,96.6966966966967,0.10169373091214766,20.622835161989155
484,96.8968968968969,0.10158862108466822,20.62283781139438
485,97.0970970970971,0.10148383650692827,20.622840449877717
486,97.2972972972973,0.10137937550497032,20.622843077506552
487,97.4974974974975,0.10127523641687355,20.62284569434774
488,97.6976976976977,0.10117141759264282,20.622848300467567
489,97.8978978978979,0.10106791739409873,20.622850895931794
490,98.0980980980981,0.10096473419476926,20.622853480805638
491,98.2982982982983,0.10086186637978217,20.622856055153783
492,98.4984984984985,0.1007593123457591,20.622858619040393
493,98.6986986986987,0.10065707050071042,20.622861172529106
494,98.8988988988989,0.10055513926393153,20.62286371568305
495,99.0990990990991,0.10045351706590014,20.622866248564836
496,99.2992992992993,0.10035220234817487,20.62286877123658
497,99.4994994994995,0.10025119356329476,20.62287128375989
498,99.6996996996997,0.10015048917468007,20.62287378619588
499,99.8998998998999,0.10005008765653411,20.62287627860518
500,100.10010010010011,0.09994998749374609,20.62287876104793
501,100.30030030030031,0.09985018718179511,20.622881233583794
502,100.50050050050051,0.09975068522665521,20.622883696271952
503,100.70070070070071,0.09965148014470142,20.622886149171126
504,100.90090090090091,0.09955257046261681,20.622888592339564
505,101.10110110110111,0.09945395471730067,20.622891025835056
506,101.30130130130131,0.0993556314557775,20.62289344971493
507,101.50150150150151,0.09925759923510724,20.622895864036067
508,101.70170170170171,0.09915985662229615,20.6228982688549
509,101.90190190190191,0.09906240219420902,20.62290066422742
510,102.10210210210211,0.09896523453748202,20.62290305020917
511,102.30230230230231,0.09886835224843661,20.622905426855276
512,102.50250250250251,0.09877175393299442,20.62290779422041
513,102.70270270270271,0.09867543820659302,20.622910152358838
514,102.90290290290291,0.09857940369410248,20.622912501324397
515,103.10310310310311,0.09848364902974296,20.6229148411705
516,103.30330330330331,0.09838817285700316,20.622917171950153
517,103.50350350350351,0.09829297382855957,20.62291949371595
518,103.70370370370371,0.09819805060619656,20.622921806520083
519,103.90390390390391,0.09810340186072754,20.62292411041433
520,104.10410410410411,0.09800902627191657,20.622926405450087
521,104.30430430430431,0.09791492252840117,20.622928691678347
522,104.50450450450451,0.09782108932761575,20.622930969149706
523,104.70470470470471,0.09772752537571586,20.62293323791439
524,104.90490490490491,0.09763422938750325,20.62293549802222
525,105.10510510510511,0.09754120008635178,20.622937749522656
526,105.30530530530531,0.09744843620413401,20.622939992464776
527,105.50550550550551,0.0973559364811486,20.62294222689728
528,105.70570570570571,0.09726369966604845,20.62294445286851
529,105.90590590590591,0.09717172451576961,20.62294667042643
530,106.10610610610611,0.09708000979546094,20.622948879618654
531,106.30630630630631,0.09698855427841446,20.622951080492427
532,106.50650650650651,0.09689735674599644,20.622953273094648
533,106.70670670670671,0.09680641598757916,20.62295545747186
534,106.90690690690691,0.09671573080047352,20.622957633670257
535,107.10710710710711,0.09662529998986208,20.622959801735686
536,107.30730730730731,0.09653512236873307,20.622961961713656
537,107.50750750750751,0.0964451967578149,20.622964113649335
538,107.70770770770771,0.0963555219855114,20.622966257587557
539,107.90790790790791,0.09626609688783769,20.62296839357282
540,108.10810810810811,0.09617692030835671,20.622970521649293
541,108.30830830830831,0.09608799109811651,20.622972641860823
542,108.50850850850851,0.09599930811558793,20.62297475425093
543,108.70870870870871,0.09591087022660315,20.622976858862813
544,108.90890890890891,0.09582267630429474,20.622978955739356
545,109.10910910910911,0.09573472522903535,20.622981044923126
546,109.30930930930931,0.09564701588837808,20.622983126456376
547,109.50950950950951,0.09555954717699724,20.622985200381056
548,109.70970970970971,0.09547231799662996,20.622987266738807
549,109.90990990990991,0.09538532725601828,20.62298932557097
550,110.11011011011011,0.09529857387085172,20.622991376918574
551,110.31031031031031,0.09521205676371057,20.622993420822365
552,110.51051051051051,0.09512577486400971,20.622995457322784
553,110.71071071071071,0.09503972710794291,20.622997486459983
554,110.91091091091091,0.09495391243842784,20.622999508273825
555,111.11111111111111,0.09486832980505139,20.623001522803882
556,111.31131131131131,0.09478297816401576,20.62300353008945
557,111.51151151151151,0.09469785647808501,20.623005530169532
558,111.71171171171171,0.09461296371653204,20.62300752308286
559,111.91191191191191,0.09452829885508622,20.623009508867877
560,112.11211211211211,0.09444386087588148,20.62301148756277
561,112.31231231231232,0.09435964876740492,20.62301345920544
562,112.51251251251252,0.09427566152444589,20.623015423833518
563,112.71271271271272,0.09419189814804559,20.623017381484377
564,112.91291291291292,0.09410835764544723,20.623019332195117
565,113.11311311311312,0.09402503903004651,20.62302127600258
566,113.31331331331332,0.0939419413213428,20.623023212943345
567,113.51351351351352,0.09385906354489058,20.62302514305373
568,113.71371371371372,0.0937764047322515,20.623027066369808
569,113.91391391391392,0.09369396392094682,20.623028982927387
570,114.11411411411412,0.09361174015441034,20.623030892762028
571,114.31431431431432,0.09352973248194185,20.623032795909047
572,114.51451451451452,0.09344793995866084,20.623034692403508
573,114.71471471471472,0.09336636164546092,20.62303658228023
574,114.91491491491492,0.09328499660896437,20.623038465573792
575,115.11511511511512,0.09320384392147746,20.623040342318532
576,115.31531531531532,0.09312290266094587,20.623042212548548
577,115.51551551551552,0.09304217191091081,20.623044076297703
578,115.71571571571572,0.09296165076046534,20.62304593359963
579,115.91591591591592,0.09288133830421129,20.62304778448772
580,116.11611611611612,0.09280123364221642,20.623049628995144
581,116.31631631631632,0.09272133587997214,20.623051467154834
582,116.51651651651652,0.09264164412835149,20.623053298999505
583,116.71671671671672,0.09256215750356765,20.623055124561645
584,116.91691691691692,0.09248287512713271,20.623056943873518
585,117.11711711711712,0.09240379612581692,20.62305875696717
586,117.31731731731732,0.09232491963160833,20.62306056387442
587,117.51751751751752,0.09224624478167268,20.623062364626882
588,117.71771771771772,0.09216777071831386,20.62306415925595
589,117.91791791791792,0.09208949658893459,20.623065947792803
590,118.11811811811812,0.09201142154599751,20.62306773026841
591,118.31831831831832,0.09193354474698663,20.62306950671353
592,118.51851851851852,0.09185586535436918,20.62307127715872
593,118.71871871871872,0.09177838253555774,20.62307304163432
594,118.91891891891892,0.09170109546287279,20.62307480017047
595,119.11911911911912,0.09162400331350555,20.62307655279712
596,119.31931931931932,0.09154710526948122,20.623078299543995
597,119.51951951951952,0.0914704005176225,20.62308004044064
598,119.71971971971973,0.09139388824951343,20.623081775516397
599,119.91991991991993,0.09131756766146373,20.623083504800412
600,120.12012012012013,0.09124143795447329,20.62308522832163
601,120.32032032032033,0.09116549833419692,20.62308694610882
602,120.52052052052053,0.0910897480109097,20.62308865819054
603,120.72072072072073,0.09101418619947244,20.623090364595175
604,120.92092092092093,0.0909388121192974,20.62309206535091
605,121.12112112112113,0.09086362499431462,20.62309376048575
606,121.32132132132134,0.09078862405293817,20.623095450027517
607,121.52152152152154,0.09071380852803296,20.623097134003846
608,121.72172172172174,0.09063917765688184,20.623098812442187
609,121.92192192192194,0.09056473068115288,20.62310048536982
610,122.12212212212214,0.09049046684686698,20.623102152813836
611,122.32232232232234,0.09041638540436592,20.62310381480115
612,122.52252252252254,0.09034248560828041,20.623105471358514
613,122.72272272272274,0.09026876671749873,20.623107122512483
614,122.92292292292294,0.09019522799513542,20.62310876828946
615,123.12312312312314,0.09012186870850046,20.623110408715664
616,123.32332332332334,0.09004868812906845,20.623112043817144
617,123.52352352352354,0.08997568553244835,20.62311367361979
618,123.72372372372374,0.08990286019835331,20.62311529814932
619,123.92392392392394,0.08983021141057083,20.623116917431275
620,124.12412412412414,0.0897577384569332,20.623118531491045
621,124.32432432432434,0.08968544062928813,20.623120140353848
622,124.52452452452454,0.0896133172234697,20.623121744044752
623,124.72472472472474,0.08954136753926963,20.62312334258865
624,124.92492492492494,0.08946959088040858,20.623124936010278
625,125.12512512512514,0.08939798655450804,20.62312652433422
626,125.32532532532534,0.08932655387306207,20.6231281075849
627,125.52552552552554,0.08925529215140966,20.623129685786587
628,125.72572572572574,0.08918420070870711,20.623131258963397
629,125.92592592592594,0.08911327886790069,20.623132827139283
630,126.12612612612614,0.08904252595569954,20.623134390338056
631,126.32632632632634,0.08897194130254894,20.623135948583375
632,126.52652652652654,0.08890152424260356,20.623137501898746
633,126.72672672672674,0.08883127411370112,20.62313905030753
634,126.92692692692694,0.0887611902573363,20.623140593832932
635,127.12712712712714,0.08869127201863475,20.623142132498025
636,127.32732732732734,0.0886215187463274,20.623143666325728
637,127.52752752752754,0.08855192979272501,20.623145195338815
638,127.72772772772774,0.08848250451369283,20.623146719559923
639,127.92792792792794,0.08841324226862571,20.623148239011538
640,128.12812812812814,0.08834414242042309,20.623149753716017
641,128.32832832832833,0.08827520433546455,20.623151263695572
642,128.52852852852854,0.08820642738358526,20.623152768972275
643,128.72872872872873,0.08813781093805194,20.623154269568065
644,128.92892892892894,0.08806935437553873,20.623155765504738
645,129.12912912912913,0.0880010570761035,20.623157256803964
646,129.32932932932934,0.08793291842316427,20.623158743487267
647,129.52952952952953,0.0878649378034757,20.623160225576054
648,129.72972972972974,0.08779711460710615,20.623161703091583
649,129.92992992992993,0.08772944822741446,20.62316317605499
650,130.13013013013014,0.08766193806102728,20.623164644487286
651,130.33033033033033,0.08759458350781647,20.62316610840934
652,130.53053053053054,0.08752738397087666,20.623167567841904
653,130.73073073073073,0.08746033885650303,20.623169022805595
654,130.93093093093094,0.08739344757416932,20.62317047332091
655,131.13113113113113,0.08732670953650598,20.623171919408218
656,131.33133133133134,0.0872601241592784,20.623173361087765
657,131.53153153153153,0.08719369086136564,20.623174798379672
658,131.73173173173174,0.0871274090647389,20.623176231303937
659,131.93193193193193,0.08706127819444057,20.62317765988044
660,132.13213213213214,0.08699529767856316,20.62317908412894
661,132.33233233233233,0.08692946694822865,20.623180504069076
662,132.53253253253254,0.08686378543756774,20.623181919720363
663,132.73273273273273,0.08679825258369958,20.623183331102208
664,132.93293293293294,0.08673286782671136,20.623184738233896
665,133.13313313313313,0.08666763060963835,20.623186141134592
666,133.33333333333334,0.08660254037844385,20.623187539823352
667,133.53353353353353,0.08653759658199958,20.62318893431912
668,133.73373373373374,0.08647279867206589,20.623190324640717
669,133.93393393393393,0.08640814610327249,20.623191710806857
670,134.13413413413414,0.08634363833309906,20.623193092836146
671,134.33433433433433,0.08627927482185622,20.623194470747073
672,134.53453453453454,0.08621505503266651,20.62319584455802
673,134.73473473473473,0.08615097843144554,20.62319721428726
674,134.93493493493494,0.08608704448688344,20.623198579952952
675,135.13513513513513,0.08602325267042626,20.62319994157316
676,135.33533533533534,0.08595960245625774,20.623201299165824
677,135.53553553553553,0.08589609332128091,20.623202652748795
678,135.73573573573574,0.08583272474510023,20.623204002339808
679,135.93593593593593,0.0857694962100036,20.623205347956496
680,136.13613613613614,0.08570640720094454,20.62320668961639
681,136.33633633633633,0.08564345720552467,20.62320802733691
682,136.53653653653654,0.08558064571397621,20.623209361135395
683,136.73673673673676,0.08551797221914453,20.623210691029055
684,136.93693693693695,0.08545543621647114,20.62321201703502
685,137.13713713713716,0.08539303720397645,20.62321333917031
686,137.33733733733735,0.08533077468224298,20.623214657451847
687,137.53753753753756,0.08526864815439847,20.623215971896457
688,137.73773773773775,0.0852066571260993,20.62321728252087
689,137.93793793793796,0.08514480110551396,20.623218589341707
690,138.13813813813815,0.0850830796033066,20.623219892375513
691,138.33833833833836,0.08502149213262084,20.62322119163872
692,138.53853853853855,0.0849600382090636,20.62322248714767
693,138.73873873873876,0.08489871735068914,20.623223778918614
694,138.93893893893895,0.08483752907798316,20.623225066967706
695,139.13913913913916,0.08477647291384698,20.623226351311008
696,139.33933933933935,0.08471554838358206,20.62322763196449
697,139.53953953953956,0.08465475501487442,20.62322890894403
698,139.73973973973975,0.08459409233777924,20.62323018226541
699,139.93993993993996,0.08453355988470565,20.623231451944335
700,140.14014014014015,0.08447315719040153,20.62323271799641
701,140.34034034034036,0.08441288379193856,20.62323398043715
702,140.54054054054055,0.08435273922869733,20.623235239281986
703,140.74074074074076,0.08429272304235245,20.62323649454626
704,140.94094094094095,0.08423283477685797,20.623237746245223
705,141.14114114114116,0.08417307397843281,20.623238994394054
706,141.34134134134135,0.0841134401955463,20.623240239007824
707,141.54154154154156,0.08405393297890387,20.623241480101534
708,141.74174174174175,0.08399455188143283,20.6232427176901
709,141.94194194194196,0.08393529645826824,20.623243951788343
710,142.14214214214215,0.08387616626673894,20.62324518241101
711,142.34234234234236,0.08381716086635362,20.62324640957277
712,142.54254254254255,0.08375827981878715,20.62324763328819
713,142.74274274274276,0.08369952268786672,20.623248853571777
714,142.94294294294295,0.08364088903955846,20.623250070437944
715,143.14314314314316,0.0835823784419538,20.623251283901027
716,143.34334334334335,0.0835239904652563,20.623252493975283
717,143.54354354354356,0.08346572468176813,20.623253700674884
718,143.74374374374375,0.08340758066587724,20.62325490401393
719,143.94394394394396,0.08334955799404399,20.62325610400644
720,144.14414414414415,0.0832916562447884,20.623257300666353
721,144.34434434434436,0.0832338749986772,20.623258494007537
722,144.54454454454455,0.08317621383831109,20.623259684043774
723,144.74474474474476,0.08311867234831206,20.623260870788776
724,144.94494494494495,0.08306125011531088,20.623262054256177
725,145.14514514514516,0.08300394672793453,20.62326323445954
726,145.34534534534535,0.0829467617767939,20.623264411412347
727,145.54554554554556,0.0828896948544715,20.62326558512801
728,145.74574574574575,0.08283274555550924,20.623266755619863
729,145.94594594594597,0.08277591347639633,20.623267922901174
730,146.14614614614615,0.08271919821555729,20.623269086985133
731,146.34634634634637,0.08266259937334004,20.62327024788486
732,146.54654654654655,0.08260611655200406,20.623271405613398
733,146.74674674674677,0.08254974935570861,20.62327256018373
734,146.94694694694695,0.08249349739050116,20.623273711608753
735,147.14714714714717,0.08243736026430576,20.623274859901308
736,147.34734734734735,0.08238133758691162,20.62327600507416
737,147.54754754754757,0.08232542896996162,20.623277147140005
738,147.74774774774775,0.08226963402694112,20.623278286111468
739,147.94794794794797,0.08221395237316668,20.62327942200111
740,148.14814814814815,0.08215838362577492,20.623280554821427
741,148.34834834834837,0.08210292740371143,20.623281684584835
742,148.54854854854855,0.08204758332771987,20.623282811303696
743,148.74874874874877,0.08199235102033106,20.623283934990297
744,148.94894894894895,0.08193723010585209,20.623285055656865
745,149.14914914914917,0.08188222021035568,20.623286173315556
746,149.34934934934935,0.08182732096166949,20.623287287978467
747,149.54954954954957,0.08177253198936552,20.623288399657625
748,149.74974974974975,0.08171785292474966,20.623289508364994
749,149.94994994994997,0.08166328340085123,20.623290614112474
750,150.15015015015015,0.08160882305241265,20.6232917169119
751,150.35035035035037,0.08155447151587922,20.623292816775056
752,150.55055055055055,0.0815002284293888,20.623293913713642
753,150.75075075075077,0.08144609343276181,20.623295007739312
754,150.95095095095095,0.08139206616749117,20.62329609886365
755,151.15115115115117,0.08133814627673229,20.623297187098192
756,151.35135135135135,0.08128433340529316,20.62329827245439
757,151.55155155155157,0.08123062719962455,20.62329935494366
758,151.75175175175175,0.08117702730781032,20.62330043457734
759,151.95195195195197,0.08112353337955755,20.623301511366716
760,152.15215215215215,0.08107014506618718,20.623302585323014
761,152.35235235235237,0.08101686202062418,20.6233036564574
762,152.55255255255256,0.08096368389738835,20.623304724780976
763,152.75275275275277,0.08091061035258469,20.6233057903048
764,152.95295295295296,0.08085764104389422,20.62330685303986
765,153.15315315315317,0.08080477563056457,20.623307912997088
766,153.35335335335336,0.08075201377340091,20.623308970187367
767,153.55355355355357,0.08069935513475669,20.62331002462151
768,153.75375375375376,0.08064679937852462,20.623311076310287
769,153.95395395395397,0.08059434617012769,20.623312125264402
770,154.15415415415416,0.08054199517651017,20.623313171494512
771,154.35435435435437,0.08048974606612871,20.623314215011206
772,154.55455455455456,0.08043759850894364,20.623315255825034
773,154.75475475475477,0.08038555217641002,20.62331629394648
774,154.95495495495496,0.08033360674146918,20.62331732938598
775,155.15515515515517,0.08028176187853989,20.623318362153913
776,155.35535535535536,0.08023001726350987,20.6233193922606
777,155.55555555555557,0.08017837257372731,20.623320419716322
778,155.75575575575576,0.08012682748799237,20.623321444531292
779,155.95595595595597,0.08007538168654876,20.623322466715685
780,156.15615615615616,0.08002403485107555,20.623323486279613
781,156.35635635635637,0.0799727866646787,20.623324503233135
782,156.55655655655656,0.07992163681188304,20.623325517586274
783,156.75675675675677,0.07987058497862393,20.62332652934898
784,156.95695695695696,0.07981963085223931,20.62332753853117
785,157.15715715715717,0.0797687741214616,20.6233285451427
786,157.35735735735736,0.07971801447640972,20.62332954919339
787,157.55755755755757,0.07966735160858107,20.623330550692984
788,157.75775775775776,0.07961678521084385,20.623331549651205
789,157.95795795795797,0.07956631497742905,20.62333254607771
790,158.15815815815816,0.07951594060392282,20.623333539982106
791,158.35835835835837,0.07946566178725864,20.623334531373967
792,158.55855855855856,0.07941547822570977,20.6233355202628
793,158.75875875875877,0.07936538961888157,20.623336506658074
794,158.95895895895896,0.07931539566770397,20.62333749056921
795,159.15915915915917,0.07926549607442401,20.62333847200558
796,159.35935935935936,0.07921569054259835,20.623339450976513
797,159.55955955955957,0.07916597877708581,20.623340427491282
798,159.75975975975976,0.07911636048404022,20.623341401559117
799,159.95995995995997,0.0790668353709029,20.62334237318921
800,160.16016016016016,0.07901740314639553,20.623343342390697
801,160.36036036036037,0.078968063520513,20.623344309172676
802,160.56056056056056,0.07891881620451612,20.623345273544192
803,160.76076076076077,0.07886966091092464,20.623346235514248
804,160.96096096096096,0.0788205973535102,20.623347195091807
805,161.16116116116117,0.07877162524728926,20.62334815228578
806,161.36136136136136,0.0787227443085162,20.623349107105035
807,161.56156156156158,0.0786739542546764,20.623350059558405
808,161.76176176176176,0.07862525480447938,20.62335100965467
809,161.96196196196198,0.07857664567785198,20.623351957402566
810,162.16216216216216,0.07852812659593164,20.62335290281079
811,162.36236236236238,0.07847969728105962,20.623353845887998
812,162.56256256256256,0.07843135745677436,20.6233547866428
813,162.76276276276278,0.07838310684780485,20.623355725083762
814,162.96296296296296,0.07833494518006402,20.623356661219407
815,163.16316316316318,0.07828687218064227,20.62335759505823
816,163.36336336336336,0.07823888757780088,20.623358526608662
817,163.56356356356358,0.07819099110096563,20.62335945587911
818,163.76376376376376,0.07814318248072034,20.623360382877934
819,163.96396396396398,0.07809546144880058,20.623361307613454
820,164.16416416416416,0.07804782773808729,20.623362230093946
821,164.36436436436438,0.07800028108260045,20.623363150327652
822,164.56456456456456,0.07795282121749299,20.623364068322765
823,164.76476476476478,0.07790544787904442,20.62336498408745
824,164.96496496496496,0.07785816080465487,20.62336589762982
825,165.16516516516518,0.07781095973283875,20.62336680895796
826,165.36536536536536,0.07776384440321889,20.62336771807991
827,165.56556556556558,0.07771681455652037,20.623368625003664
828,165.76576576576576,0.07766986993456455,20.623369529737193
829,165.96596596596598,0.07762301028026318,20.62337043228842
830,166.16616616616616,0.07757623533761242,20.62337133266523
831,166.36636636636638,0.077529544851687,20.62337223087547
832,166.56656656656656,0.07748293856863438,20.623373126926957
833,166.76676676676678,0.07743641623566892,20.62337402082746
834,166.96696696696696,0.07738997760106618,20.623374912584712
835,167.16716716716718,0.07734362241415715,20.623375802206414
836,167.36736736736736,0.0772973504253226,20.623376689700233
837,167.56756756756758,0.0772511613859874,20.623377575073786
838,167.76776776776777,0.07720505504861497,20.623378458334667
839,167.96796796796798,0.07715903116670159,20.62337933949043
840,168.16816816816817,0.07711308949477107,20.62338021854859
841,168.36836836836838,0.077067229788369,20.623381095516624
842,168.56856856856857,0.07702145180405749,20.623381970401987
843,168.76876876876878,0.07697575529940964,20.62338284321208
844,168.96896896896897,0.07693014003300416,20.623383713954283
845,169.16916916916918,0.07688460576442006,20.623384582635936
846,169.36936936936937,0.07683915225423128,20.623385449264344
847,169.56956956956958,0.07679377926400138,20.62338631384678
848,169.76976976976977,0.0767484865562784,20.623387176390477
849,169.96996996996998,0.07670327389458946,20.62338803690264
850,170.17017017017017,0.0766581410434358,20.623388895390434
851,170.37037037037038,0.07661308776828737,20.623389751861
852,170.57057057057057,0.07656811383557799,20.62339060632144
853,170.77077077077078,0.0765232190127,20.623391458778816
854,170.970970970971,0.07647840306799941,20.62339230924017
855,171.17117117117118,0.07643366577077076,20.6233931577125
856,171.3713713713714,0.07638900689125219,20.623394004202773
857,171.57157157157158,0.07634442620062046,20.623394848717933
858,171.7717717717718,0.076299923470986,20.623395691264882
859,171.97197197197198,0.07625549847538811,20.623396531850492
860,172.1721721721722,0.07621115098778997,20.6233973704816
861,172.37237237237238,0.07616688078307392,20.623398207165025
862,172.5725725725726,0.0761226876370366,20.623399041907536
863,172.77277277277278,0.07607857132638422,20.62339987471588
864,172.972972972973,0.07603453162872774,20.62340070559677
865,173.17317317317318,0.07599056832257829,20.623401534556894
866,173.3733733733734,0.07594668118734237,20.623402361602903
867,173.57357357357358,0.07590287000331729,20.62340318674142
868,173.7737737737738,0.07585913455168648,20.623404009979033
869,173.97397397397398,0.07581547461451497,20.623404831322308
870,174.1741741741742,0.07577188997474477,20.623405650777773
871,174.37437437437438,0.07572838041619034,20.62340646835193
872,174.5745745745746,0.07568494572353415,20.62340728405125
873,174.77477477477478,0.07564158568232214,20.623408097882173
874,174.974974974975,0.07559830007895928,20.623408909851115
875,175.17517517517518,0.07555508870070518,20.623409719964453
876,175.3753753753754,0.0755119513356697,20.623410528228547
877,175.57557557557558,0.07546888777280851,20.62341133464972
878,175.7757757757758,0.07542589780191888,20.623412139234265
879,175.97597597597598,0.07538298121363528,20.62341294198845
880,176.1761761761762,0.0753401377994251,20.623413742918515
881,176.37637637637638,0.07529736735158445,20.623414542030673
882,176.5765765765766,0.07525466966323384,20.6234153393311
883,176.77677677677679,0.0752120445283141,20.623416134825955
884,176.976976976977,0.07516949174158212,20.623416928521365
885,177.17717717717719,0.07512701109860666,20.623417720423426
886,177.3773773773774,0.07508460239576435,20.623418510538208
887,177.57757757757759,0.07504226543023548,20.62341929887176
888,177.7777777777778,0.075,20.623420085430094
889,177.977977977978,0.0749578059038334,20.623420870219203
890,178.1781781781782,0.07491568294130273,20.623421653245046
891,178.3783783783784,0.07487363091276265,20.62342243451356
892,178.5785785785786,0.07483164961935132,20.62342321403066
893,178.7787787787788,0.07478973886298661,20.62342399180222
894,178.978978978979,0.07474789844636202,20.6234247678341
895,179.1791791791792,0.07470612817294293,20.62342554213213
896,179.3793793793794,0.0746644278469626,20.623426314702115
897,179.5795795795796,0.07462279727341839,20.623427085549835
898,179.7797797797798,0.07458123625806787,20.62342785468104
899,179.97997997998,0.07453974460742507,20.62342862210146
900,180.1801801801802,0.07449832212875669,20.623429387816792
901,180.3803803803804,0.07445696863007831,20.623430151832718
902,180.5805805805806,0.07441568392015066,20.623430914154884
903,180.7807807807808,0.07437446780847591,20.62343167478892
904,180.980980980981,0.074333320105294,20.623432433740426
905,181.1811811811812,0.07429224062157895,20.623433191014975
906,181.3813813813814,0.07425122916903519,20.623433946618125
907,181.5815815815816,0.07421028556009399,20.6234347005554
908,181.7817817817818,0.0741694096079098,20.623435452832304
909,181.981981981982,0.07412860112635672,20.623436203454315
910,182.1821821821822,0.0740878599300249,20.623436952426886
911,182.3823823823824,0.07404718583421702,20.623437699755453
912,182.5825825825826,0.07400657865494477,20.623438445445416
913,182.7827827827828,0.07396603820892536,20.623439189502164
914,182.982982982983,0.07392556431357804,20.623439931931056
915,183.1831831831832,0.07388515678702064,20.623440672737427
916,183.3833833833834,0.07384481544806616,20.623441411926592
917,183.5835835835836,0.07380454011621934,20.623442149503838
918,183.7837837837838,0.07376433061167324,20.62344288547443
919,183.983983983984,0.07372418675530595,20.623443619843616
920,184.1841841841842,0.07368410836867713,20.62344435261662
921,184.3843843843844,0.0736440952740248,20.623445083798632
922,184.5845845845846,0.07360414729426189,20.623445813394834
923,184.7847847847848,0.0735642642529731,20.623446541410377
924,184.984984984985,0.07352444597441149,20.623447267850395
925,185.1851851851852,0.07348469228349534,20.623447992719992
926,185.3853853853854,0.07344500300580481,20.62344871602426
927,185.5855855855856,0.07340537796757883,20.62344943776826
928,185.7857857857858,0.0733658169957118,20.62345015795704
929,185.985985985986,0.07332631991775054,20.623450876595616
930,186.1861861861862,0.07328688656189103,20.62345159368899
931,186.3863863863864,0.07324751675697527,20.62345230924214
932,186.5865865865866,0.07320821033248824,20.623453023260026
933,186.7867867867868,0.07316896711855472,20.623453735747578
934,186.986986986987,0.07312978694593626,20.623454446709715
935,187.1871871871872,0.07309066964602809,20.62345515615133
936,187.3873873873874,0.07305161505085607,20.623455864077293
937,187.5875875875876,0.07301262299307366,20.62345657049246
938,187.7877877877878,0.07297369330595892,20.62345727540166
939,187.987987987988,0.07293482582341151,20.623457978809704
940,188.1881881881882,0.0728960203799497,20.623458680721377
941,188.3883883883884,0.07285727681070746,20.62345938114146
942,188.5885885885886,0.07281859495143145,20.623460080074693
943,188.7887887887888,0.07277997463847811,20.623460777525807
944,188.988988988989,0.07274141570881085,20.623461473499514
945,189.1891891891892,0.07270291799999698,20.623462168000504
946,189.3893893893894,0.072664481350205,20.623462861033442
947,189.5895895895896,0.07262610559820167,20.62346355260298
948,189.7897897897898,0.07258779058334915,20.62346424271375
949,189.98998998999,0.07254953614560224,20.623464931370364
950,190.1901901901902,0.07251134212550547,20.623465618577413
951,190.3903903903904,0.07247320836419048,20.623466304339463
952,190.5905905905906,0.07243513470337305,20.623466988661068
953,190.7907907907908,0.07239712098535045,20.62346767154677
954,190.990990990991,0.0723591670529987,20.623468353001076
955,191.1911911911912,0.07232127274976981,20.623469033028485
956,191.3913913913914,0.07228343791968904,20.623469711633472
957,191.5915915915916,0.07224566240735229,20.623470388820493
958,191.7917917917918,0.07220794605792334,20.623471064593996
959,191.991991991992,0.07217028871713121,20.623471738958397
960,192.1921921921922,0.07213269023126753,20.623472411918097
961,192.3923923923924,0.0720951504471839,20.62347308347748
962,192.5925925925926,0.0720576692122892,20.62347375364092
963,192.7927927927928,0.07202024637454711,20.623474422412755
964,192.992992992993,0.07198288178247342,20.62347508979732
965,193.1931931931932,0.07194557528513347,20.62347575579893
966,193.3933933933934,0.07190832673213964,20.62347642042187
967,193.5935935935936,0.07187113597364876,20.623477083670426
968,193.7937937937938,0.07183400286035958,20.623477745548854
969,193.993993993994,0.07179692724351026,20.62347840606139
970,194.1941941941942,0.0717599089748759,20.623479065212265
971,194.3943943943944,0.07172294790676596,20.623479723005683
972,194.5945945945946,0.07168604389202188,20.623480379445834
973,194.7947947947948,0.07164919678401462,20.623481034536884
974,194.994994994995,0.07161240643664209,20.623481688282993
975,195.1951951951952,0.07157567270432687,20.623482340688298
976,195.3953953953954,0.07153899544201371,20.623482991756916
977,195.5955955955956,0.07150237450516714,20.623483641492957
978,195.7957957957958,0.07146580974976904,20.623484289900503
979,195.995995995996,0.07142930103231636,20.62348493698363
980,196.1961961961962,0.07139284820981863,20.623485582746383
981,196.3963963963964,0.07135645113979573,20.623486227192807
982,196.5965965965966,0.07132010968027543,20.62348687032692
983,196.7967967967968,0.07128382368979116,20.623487512152725
984,196.996996996997,0.07124759302737968,20.623488152674213
985,197.1971971971972,0.07121141755257872,20.62348879189535
986,197.3973973973974,0.07117529712542474,20.6234894298201
987,197.5975975975976,0.07113923160645068,20.623490066452398
988,197.7977977977978,0.07110322085668364,20.62349070179617
989,197.997997997998,0.07106726473764269,20.62349133585532
990,198.1981981981982,0.07103136311133657,20.623491968633747
991,198.3983983983984,0.07099551584026152,20.623492600135318
992,198.5985985985986,0.07095972278739901,20.623493230363902
993,198.7987987987988,0.07092398381621366,20.623493859323343
994,198.998998998999,0.07088829879065088,20.623494487017467
995,199.1991991991992,0.07085266757513484,20.62349511345009
996,199.3993993993994,0.0708170900345662,20.623495738625014
997,199.5995995995996,0.07078156603432006,20.623496362546017
998,199.7997997997998,0.07074609544024377,20.623496985216875
999,200.0,0.07071067811865475,20.623497606641337
